{"cameraMode":{"drawMode":0,"name":"Shaded","section":"Shading Mode"},"sceneLighting":true,"audioPlay":false,"sceneViewState":{"showFog":true,"showMaterialUpdate":false,"showSkybox":true,"showFlares":true,"showImageEffects":true,"showParticleSystems":true,"showVisualEffectGraphs":true,"m_FxEnabled":true},"in2DMode":false,"pivot":{"x":-0.0829620361328125,"y":-0.10000002384185791,"z":-2.0872039794921877},"rotation":{"x":0.5571746826171875,"y":-0.006727711763232946,"z":0.00451400363817811,"w":0.8303585648536682},"size":3.7285096645355226,"orthographic":false}