{"cameraMode":{"drawMode":0,"name":"Shaded","section":"Shading Mode"},"sceneLighting":true,"audioPlay":false,"sceneViewState":{"showFog":true,"showMaterialUpdate":false,"showSkybox":true,"showFlares":true,"showImageEffects":true,"showParticleSystems":true,"showVisualEffectGraphs":true,"m_FxEnabled":true},"in2DMode":false,"pivot":{"x":0.05370521545410156,"y":-0.6230564117431641,"z":0.47547292709350588},"rotation":{"x":-0.12196965515613556,"y":0.8698003888130188,"z":-0.26792675256729128,"w":-0.39596372842788699},"size":2.616349935531616,"orthographic":false}